ts_utc,league,event_id,event_slug,event_title,event_start,market_id,market_slug,market_question,condition_id,clob_token_ids_raw,token_ids_parsed,token_id,outcome,book_found,best_bid,best_bid_size,best_ask,best_ask_size,mid,spread,book_hash,tick_size,min_order_size,last_trade_price,liquidity,volume
2026-07-19T00:18:56Z,EPL,333084,epl-team-to-qualify-for-uefa-conference-league,EPL: Team to qualify for UEFA Conference League,2026-04-01T17:27:13.650134Z,1818367,will-arsenal-qualify-for-the-league-phase-of-the-2026-27-uefa-conference-league,Will Arsenal qualify for the League Phase of the 2026-27 UEFA Conference League?,0xe303639e6e879ac5dac9632362583523a2c1ff1ac46645f45fd5c1e7034b3ef7,"[""68901380712839851395966644282518000143877097473327410904576810621084636054002"", ""14101352633367703776049560107649243928150035657062243340231594815518398887879""]",68901380712839851395966644282518000143877097473327410904576810621084636054002|14101352633367703776049560107649243928150035657062243340231594815518398887879,68901380712839851395966644282518000143877097473327410904576810621084636054002,Yes,False,,,,,,,,,,,,467.35890000000006
2026-07-19T00:18:56Z,EPL,333084,epl-team-to-qualify-for-uefa-conference-league,EPL: Team to qualify for UEFA Conference League,2026-04-01T17:27:13.650134Z,1818367,will-arsenal-qualify-for-the-league-phase-of-the-2026-27-uefa-conference-league,Will Arsenal qualify for the League Phase of the 2026-27 UEFA Conference League?,0xe303639e6e879ac5dac9632362583523a2c1ff1ac46645f45fd5c1e7034b3ef7,"[""68901380712839851395966644282518000143877097473327410904576810621084636054002"", ""14101352633367703776049560107649243928150035657062243340231594815518398887879""]",68901380712839851395966644282518000143877097473327410904576810621084636054002|14101352633367703776049560107649243928150035657062243340231594815518398887879,14101352633367703776049560107649243928150035657062243340231594815518398887879,No,False,,,,,,,,,,,,467.35890000000006
2026-07-19T00:18:56Z,EPL,333084,epl-team-to-qualify-for-uefa-conference-league,EPL: Team to qualify for UEFA Conference League,2026-04-01T17:27:13.650134Z,1818368,will-aston-villa-qualify-for-the-league-phase-of-the-2026-27-uefa-conference-league,Will Aston Villa qualify for the League Phase of the 2026-27 UEFA Conference League?,0x28177c964d8b9d218ddc13dac289b4d63545aec7329fb69b12413e1a10a75457,"[""31823132354185101528875214330987706903655516243832510690074648671327601851551"", ""24610182176230826024523430019874907375950075107195029433984156474474467506756""]",31823132354185101528875214330987706903655516243832510690074648671327601851551|24610182176230826024523430019874907375950075107195029433984156474474467506756,31823132354185101528875214330987706903655516243832510690074648671327601851551,Yes,False,,,,,,,,,,,,118.34
2026-07-19T00:18:56Z,EPL,333084,epl-team-to-qualify-for-uefa-conference-league,EPL: Team to qualify for UEFA Conference League,2026-04-01T17:27:13.650134Z,1818368,will-aston-villa-qualify-for-the-league-phase-of-the-2026-27-uefa-conference-league,Will Aston Villa qualify for the League Phase of the 2026-27 UEFA Conference League?,0x28177c964d8b9d218ddc13dac289b4d63545aec7329fb69b12413e1a10a75457,"[""31823132354185101528875214330987706903655516243832510690074648671327601851551"", ""24610182176230826024523430019874907375950075107195029433984156474474467506756""]",31823132354185101528875214330987706903655516243832510690074648671327601851551|24610182176230826024523430019874907375950075107195029433984156474474467506756,24610182176230826024523430019874907375950075107195029433984156474474467506756,No,False,,,,,,,,,,,,118.34
2026-07-19T00:18:56Z,EPL,333084,epl-team-to-qualify-for-uefa-conference-league,EPL: Team to qualify for UEFA Conference League,2026-04-01T17:27:13.650134Z,1818369,will-bournemouth-qualify-for-the-league-phase-of-the-2026-27-uefa-conference-league,Will Bournemouth qualify for the League Phase of the 2026-27 UEFA Conference League?,0x767a11689ea743287c46af43309a57c52055b201a44546f1151ebe770848a4c2,"[""51037068800800327301977700578792391802166844203670527997794112211084782282749"", ""49880512765242008305101129568216821495775216606287544487246019230820484318812""]",51037068800800327301977700578792391802166844203670527997794112211084782282749|49880512765242008305101129568216821495775216606287544487246019230820484318812,51037068800800327301977700578792391802166844203670527997794112211084782282749,Yes,False,,,,,,,,,,,,104.230768
2026-07-19T00:18:56Z,EPL,333084,epl-team-to-qualify-for-uefa-conference-league,EPL: Team to qualify for UEFA Conference League,2026-04-01T17:27:13.650134Z,1818369,will-bournemouth-qualify-for-the-league-phase-of-the-2026-27-uefa-conference-league,Will Bournemouth qualify for the League Phase of the 2026-27 UEFA Conference League?,0x767a11689ea743287c46af43309a57c52055b201a44546f1151ebe770848a4c2,"[""51037068800800327301977700578792391802166844203670527997794112211084782282749"", ""49880512765242008305101129568216821495775216606287544487246019230820484318812""]",51037068800800327301977700578792391802166844203670527997794112211084782282749|49880512765242008305101129568216821495775216606287544487246019230820484318812,49880512765242008305101129568216821495775216606287544487246019230820484318812,No,False,,,,,,,,,,,,104.230768
2026-07-19T00:18:56Z,EPL,333084,epl-team-to-qualify-for-uefa-conference-league,EPL: Team to qualify for UEFA Conference League,2026-04-01T17:27:13.650134Z,1818370,will-brentford-qualify-for-the-league-phase-of-the-2026-27-uefa-conference-league,Will Brentford qualify for the League Phase of the 2026-27 UEFA Conference League?,0x0389abffb5ab63bd6aa4c5a51d9d3aa9448f20cd4ce3aa635fefd2f2349c3a31,"[""28387783984422789854592851598345905688234938653031916751801472369971729754741"", ""114832188258694701659066568174555689813627221405189198849646410747085620840644""]",28387783984422789854592851598345905688234938653031916751801472369971729754741|114832188258694701659066568174555689813627221405189198849646410747085620840644,28387783984422789854592851598345905688234938653031916751801472369971729754741,Yes,False,,,,,,,,,,,,65
2026-07-19T00:18:56Z,EPL,333084,epl-team-to-qualify-for-uefa-conference-league,EPL: Team to qualify for UEFA Conference League,2026-04-01T17:27:13.650134Z,1818370,will-brentford-qualify-for-the-league-phase-of-the-2026-27-uefa-conference-league,Will Brentford qualify for the League Phase of the 2026-27 UEFA Conference League?,0x0389abffb5ab63bd6aa4c5a51d9d3aa9448f20cd4ce3aa635fefd2f2349c3a31,"[""28387783984422789854592851598345905688234938653031916751801472369971729754741"", ""114832188258694701659066568174555689813627221405189198849646410747085620840644""]",28387783984422789854592851598345905688234938653031916751801472369971729754741|114832188258694701659066568174555689813627221405189198849646410747085620840644,114832188258694701659066568174555689813627221405189198849646410747085620840644,No,False,,,,,,,,,,,,65
2026-07-19T00:18:56Z,EPL,333084,epl-team-to-qualify-for-uefa-conference-league,EPL: Team to qualify for UEFA Conference League,2026-04-01T17:27:13.650134Z,1818371,will-brighton-hove-albion-qualify-for-the-league-phase-of-the-2026-27-uefa-conference-league,Will Brighton & Hove Albion qualify for the League Phase of the 2026-27 UEFA Conference League?,0x4e11ad07550e879b771bb74aa2ac543182c0b555f4fd86aaa8c9818d64b91f25,"[""91139930726622392742704198140499166850579482457098783277042371092513674941494"", ""75555949500072945185762043512718261040129266196955015758692797567174442576587""]",91139930726622392742704198140499166850579482457098783277042371092513674941494|75555949500072945185762043512718261040129266196955015758692797567174442576587,91139930726622392742704198140499166850579482457098783277042371092513674941494,Yes,True,0.95,5.0,0.979,73.6,0.9644999999999999,0.029000000000000026,8eec0e01b0ce0be585e3bb2da773b99cc4151cf3,0.001,5,0.950,171.38581,761.560894
2026-07-19T00:18:56Z,EPL,333084,epl-team-to-qualify-for-uefa-conference-league,EPL: Team to qualify for UEFA Conference League,2026-04-01T17:27:13.650134Z,1818371,will-brighton-hove-albion-qualify-for-the-league-phase-of-the-2026-27-uefa-conference-league,Will Brighton & Hove Albion qualify for the League Phase of the 2026-27 UEFA Conference League?,0x4e11ad07550e879b771bb74aa2ac543182c0b555f4fd86aaa8c9818d64b91f25,"[""91139930726622392742704198140499166850579482457098783277042371092513674941494"", ""75555949500072945185762043512718261040129266196955015758692797567174442576587""]",91139930726622392742704198140499166850579482457098783277042371092513674941494|75555949500072945185762043512718261040129266196955015758692797567174442576587,75555949500072945185762043512718261040129266196955015758692797567174442576587,No,True,0.021,73.6,0.05,5.0,0.035500000000000004,0.029,7125673fb3fb68bb738f8c44660c1bd400eb525c,0.001,5,0.950,171.38581,761.560894
2026-07-19T00:18:56Z,EPL,333084,epl-team-to-qualify-for-uefa-conference-league,EPL: Team to qualify for UEFA Conference League,2026-04-01T17:27:13.650134Z,1818372,will-chelsea-qualify-for-the-league-phase-of-the-2026-27-uefa-conference-league,Will Chelsea qualify for the League Phase of the 2026-27 UEFA Conference League?,0xa0a419e4b455bbeb1ac06050bf572bbf636c70dc688f201eda6beb257e0ecccf,"[""24304404136401853611354679156736471836167449603878002382670170418575244748347"", ""34932573794344542041315686660932662303391519134203250572504686994553601884919""]",24304404136401853611354679156736471836167449603878002382670170418575244748347|34932573794344542041315686660932662303391519134203250572504686994553601884919,24304404136401853611354679156736471836167449603878002382670170418575244748347,Yes,False,,,,,,,,,,,,193.140308
2026-07-19T00:18:56Z,EPL,333084,epl-team-to-qualify-for-uefa-conference-league,EPL: Team to qualify for UEFA Conference League,2026-04-01T17:27:13.650134Z,1818372,will-chelsea-qualify-for-the-league-phase-of-the-2026-27-uefa-conference-league,Will Chelsea qualify for the League Phase of the 2026-27 UEFA Conference League?,0xa0a419e4b455bbeb1ac06050bf572bbf636c70dc688f201eda6beb257e0ecccf,"[""24304404136401853611354679156736471836167449603878002382670170418575244748347"", ""34932573794344542041315686660932662303391519134203250572504686994553601884919""]",24304404136401853611354679156736471836167449603878002382670170418575244748347|34932573794344542041315686660932662303391519134203250572504686994553601884919,34932573794344542041315686660932662303391519134203250572504686994553601884919,No,False,,,,,,,,,,,,193.140308
2026-07-19T00:18:56Z,EPL,333084,epl-team-to-qualify-for-uefa-conference-league,EPL: Team to qualify for UEFA Conference League,2026-04-01T17:27:13.650134Z,1818373,will-crystal-palace-qualify-for-the-league-phase-of-the-2026-27-uefa-conference-league,Will Crystal Palace qualify for the League Phase of the 2026-27 UEFA Conference League?,0x7fcff1b74a273c0e48b01dafa03fd994fc6d6a80faf2f401808a1f7c906231e2,"[""83595360800340582836220415327748792858014632655765677024450652227649872829217"", ""8722778550304158158775908112102831721712668882628498669387415627760731221547""]",83595360800340582836220415327748792858014632655765677024450652227649872829217|8722778550304158158775908112102831721712668882628498669387415627760731221547,83595360800340582836220415327748792858014632655765677024450652227649872829217,Yes,False,,,,,,,,,,,,55.10415
2026-07-19T00:18:56Z,EPL,333084,epl-team-to-qualify-for-uefa-conference-league,EPL: Team to qualify for UEFA Conference League,2026-04-01T17:27:13.650134Z,1818373,will-crystal-palace-qualify-for-the-league-phase-of-the-2026-27-uefa-conference-league,Will Crystal Palace qualify for the League Phase of the 2026-27 UEFA Conference League?,0x7fcff1b74a273c0e48b01dafa03fd994fc6d6a80faf2f401808a1f7c906231e2,"[""83595360800340582836220415327748792858014632655765677024450652227649872829217"", ""8722778550304158158775908112102831721712668882628498669387415627760731221547""]",83595360800340582836220415327748792858014632655765677024450652227649872829217|8722778550304158158775908112102831721712668882628498669387415627760731221547,8722778550304158158775908112102831721712668882628498669387415627760731221547,No,False,,,,,,,,,,,,55.10415
2026-07-19T00:18:56Z,EPL,333084,epl-team-to-qualify-for-uefa-conference-league,EPL: Team to qualify for UEFA Conference League,2026-04-01T17:27:13.650134Z,1818374,will-everton-qualify-for-the-league-phase-of-the-2026-27-uefa-conference-league,Will Everton qualify for the League Phase of the 2026-27 UEFA Conference League?,0xc2d06ea1b36aa2af374778802062278b37c0681e80b8b30d440eea8c89c69efa,"[""4166923647964243798214643118596450748550925708271797356837126450441673128307"", ""38675784671269789218225363889508272390729885225646140690421495748338190385226""]",4166923647964243798214643118596450748550925708271797356837126450441673128307|38675784671269789218225363889508272390729885225646140690421495748338190385226,4166923647964243798214643118596450748550925708271797356837126450441673128307,Yes,False,,,,,,,,,,,,481.81
2026-07-19T00:18:56Z,EPL,333084,epl-team-to-qualify-for-uefa-conference-league,EPL: Team to qualify for UEFA Conference League,2026-04-01T17:27:13.650134Z,1818374,will-everton-qualify-for-the-league-phase-of-the-2026-27-uefa-conference-league,Will Everton qualify for the League Phase of the 2026-27 UEFA Conference League?,0xc2d06ea1b36aa2af374778802062278b37c0681e80b8b30d440eea8c89c69efa,"[""4166923647964243798214643118596450748550925708271797356837126450441673128307"", ""38675784671269789218225363889508272390729885225646140690421495748338190385226""]",4166923647964243798214643118596450748550925708271797356837126450441673128307|38675784671269789218225363889508272390729885225646140690421495748338190385226,38675784671269789218225363889508272390729885225646140690421495748338190385226,No,False,,,,,,,,,,,,481.81
2026-07-19T00:18:56Z,EPL,333084,epl-team-to-qualify-for-uefa-conference-league,EPL: Team to qualify for UEFA Conference League,2026-04-01T17:27:13.650134Z,1818375,will-fulham-qualify-for-the-league-phase-of-the-2026-27-uefa-conference-league,Will Fulham qualify for the League Phase of the 2026-27 UEFA Conference League?,0xa9c80d9e6d42b63441eb65788fa6715dd14e46e84e92ab0af524aa71de00e9fe,"[""58173349290615436261874750189700214187364770220706840363443501392029514828013"", ""68870830613563352664780739176635792396465611522859759407689581346809698393825""]",58173349290615436261874750189700214187364770220706840363443501392029514828013|68870830613563352664780739176635792396465611522859759407689581346809698393825,58173349290615436261874750189700214187364770220706840363443501392029514828013,Yes,False,,,,,,,,,,,,529.6700000000001
2026-07-19T00:18:56Z,EPL,333084,epl-team-to-qualify-for-uefa-conference-league,EPL: Team to qualify for UEFA Conference League,2026-04-01T17:27:13.650134Z,1818375,will-fulham-qualify-for-the-league-phase-of-the-2026-27-uefa-conference-league,Will Fulham qualify for the League Phase of the 2026-27 UEFA Conference League?,0xa9c80d9e6d42b63441eb65788fa6715dd14e46e84e92ab0af524aa71de00e9fe,"[""58173349290615436261874750189700214187364770220706840363443501392029514828013"", ""68870830613563352664780739176635792396465611522859759407689581346809698393825""]",58173349290615436261874750189700214187364770220706840363443501392029514828013|68870830613563352664780739176635792396465611522859759407689581346809698393825,68870830613563352664780739176635792396465611522859759407689581346809698393825,No,False,,,,,,,,,,,,529.6700000000001
2026-07-19T00:18:56Z,EPL,333084,epl-team-to-qualify-for-uefa-conference-league,EPL: Team to qualify for UEFA Conference League,2026-04-01T17:27:13.650134Z,1818376,will-ipswich-town-qualify-for-the-league-phase-of-the-2026-27-uefa-conference-league,Will Ipswich Town qualify for the League Phase of the 2026-27 UEFA Conference League?,0xfd1fd6c7c9106ccdc0a48fb64385b352808d5f6a4eb0157cb37b834002772000,"[""34575040317828011543308948862359294748447343494151397521995978862299718496252"", ""32703218917373905712439402416747473136357574974365039086658033726899781984701""]",34575040317828011543308948862359294748447343494151397521995978862299718496252|32703218917373905712439402416747473136357574974365039086658033726899781984701,34575040317828011543308948862359294748447343494151397521995978862299718496252,Yes,False,,,,,,,,,,,,185.7979
2026-07-19T00:18:56Z,EPL,333084,epl-team-to-qualify-for-uefa-conference-league,EPL: Team to qualify for UEFA Conference League,2026-04-01T17:27:13.650134Z,1818376,will-ipswich-town-qualify-for-the-league-phase-of-the-2026-27-uefa-conference-league,Will Ipswich Town qualify for the League Phase of the 2026-27 UEFA Conference League?,0xfd1fd6c7c9106ccdc0a48fb64385b352808d5f6a4eb0157cb37b834002772000,"[""34575040317828011543308948862359294748447343494151397521995978862299718496252"", ""32703218917373905712439402416747473136357574974365039086658033726899781984701""]",34575040317828011543308948862359294748447343494151397521995978862299718496252|32703218917373905712439402416747473136357574974365039086658033726899781984701,32703218917373905712439402416747473136357574974365039086658033726899781984701,No,False,,,,,,,,,,,,185.7979
2026-07-19T00:18:56Z,EPL,333084,epl-team-to-qualify-for-uefa-conference-league,EPL: Team to qualify for UEFA Conference League,2026-04-01T17:27:13.650134Z,1818377,will-leicester-city-qualify-for-the-league-phase-of-the-2026-27-uefa-conference-league,Will Leicester City qualify for the League Phase of the 2026-27 UEFA Conference League?,0x7f23bad03e49e8691193b374466a982f76952cc0658302268f2122380250f91d,"[""36855782576831156580765175743466253787995589729798761982205435744452738857165"", ""63267615403020851545105138792098005654530731396339683005908577788229989628684""]",36855782576831156580765175743466253787995589729798761982205435744452738857165|63267615403020851545105138792098005654530731396339683005908577788229989628684,36855782576831156580765175743466253787995589729798761982205435744452738857165,Yes,False,,,,,,,,,,,,185.5555
2026-07-19T00:18:56Z,EPL,333084,epl-team-to-qualify-for-uefa-conference-league,EPL: Team to qualify for UEFA Conference League,2026-04-01T17:27:13.650134Z,1818377,will-leicester-city-qualify-for-the-league-phase-of-the-2026-27-uefa-conference-league,Will Leicester City qualify for the League Phase of the 2026-27 UEFA Conference League?,0x7f23bad03e49e8691193b374466a982f76952cc0658302268f2122380250f91d,"[""36855782576831156580765175743466253787995589729798761982205435744452738857165"", ""63267615403020851545105138792098005654530731396339683005908577788229989628684""]",36855782576831156580765175743466253787995589729798761982205435744452738857165|63267615403020851545105138792098005654530731396339683005908577788229989628684,63267615403020851545105138792098005654530731396339683005908577788229989628684,No,False,,,,,,,,,,,,185.5555
2026-07-19T00:18:56Z,EPL,333084,epl-team-to-qualify-for-uefa-conference-league,EPL: Team to qualify for UEFA Conference League,2026-04-01T17:27:13.650134Z,1818378,will-liverpool-qualify-for-the-league-phase-of-the-2026-27-uefa-conference-league,Will Liverpool qualify for the League Phase of the 2026-27 UEFA Conference League?,0x0f39d177f78abd438be984b36f264c13de879b346ae40bfea0ababc108b83f64,"[""65988948624774144931622911564364302133312968519504468408474435267221324233196"", ""115130602602129428285461614417924472558165741430309539659330809798396288056300""]",65988948624774144931622911564364302133312968519504468408474435267221324233196|115130602602129428285461614417924472558165741430309539659330809798396288056300,65988948624774144931622911564364302133312968519504468408474435267221324233196,Yes,False,,,,,,,,,,,0,175.5
2026-07-19T00:18:56Z,EPL,333084,epl-team-to-qualify-for-uefa-conference-league,EPL: Team to qualify for UEFA Conference League,2026-04-01T17:27:13.650134Z,1818378,will-liverpool-qualify-for-the-league-phase-of-the-2026-27-uefa-conference-league,Will Liverpool qualify for the League Phase of the 2026-27 UEFA Conference League?,0x0f39d177f78abd438be984b36f264c13de879b346ae40bfea0ababc108b83f64,"[""65988948624774144931622911564364302133312968519504468408474435267221324233196"", ""115130602602129428285461614417924472558165741430309539659330809798396288056300""]",65988948624774144931622911564364302133312968519504468408474435267221324233196|115130602602129428285461614417924472558165741430309539659330809798396288056300,115130602602129428285461614417924472558165741430309539659330809798396288056300,No,False,,,,,,,,,,,0,175.5
2026-07-19T00:18:56Z,EPL,333084,epl-team-to-qualify-for-uefa-conference-league,EPL: Team to qualify for UEFA Conference League,2026-04-01T17:27:13.650134Z,1818379,will-manchester-city-qualify-for-the-league-phase-of-the-2026-27-uefa-conference-league,Will Manchester City qualify for the League Phase of the 2026-27 UEFA Conference League?,0x9f502be87b77866442714675eeb0ceec67b36469dab587b15862716b95a22a65,"[""81955707153623233000480445669873960416969320182377332341762765419704043622092"", ""63903621190034107756618838956749324043719317201688365281214818158837560760762""]",81955707153623233000480445669873960416969320182377332341762765419704043622092|63903621190034107756618838956749324043719317201688365281214818158837560760762,81955707153623233000480445669873960416969320182377332341762765419704043622092,Yes,False,,,,,,,,,,,,239.96210000000002
2026-07-19T00:18:56Z,EPL,333084,epl-team-to-qualify-for-uefa-conference-league,EPL: Team to qualify for UEFA Conference League,2026-04-01T17:27:13.650134Z,1818379,will-manchester-city-qualify-for-the-league-phase-of-the-2026-27-uefa-conference-league,Will Manchester City qualify for the League Phase of the 2026-27 UEFA Conference League?,0x9f502be87b77866442714675eeb0ceec67b36469dab587b15862716b95a22a65,"[""81955707153623233000480445669873960416969320182377332341762765419704043622092"", ""63903621190034107756618838956749324043719317201688365281214818158837560760762""]",81955707153623233000480445669873960416969320182377332341762765419704043622092|63903621190034107756618838956749324043719317201688365281214818158837560760762,63903621190034107756618838956749324043719317201688365281214818158837560760762,No,False,,,,,,,,,,,,239.96210000000002
2026-07-19T00:18:56Z,EPL,333084,epl-team-to-qualify-for-uefa-conference-league,EPL: Team to qualify for UEFA Conference League,2026-04-01T17:27:13.650134Z,1818380,will-manchester-united-qualify-for-the-league-phase-of-the-2026-27-uefa-conference-league,Will Manchester United qualify for the League Phase of the 2026-27 UEFA Conference League?,0x10faa15e034abb4d8b58e96fa9cceaeba84182d8d26061672b3090ef60c474c7,"[""14537963265850539015090671292913129800573442530565687433985001158662408488535"", ""24584985274241329793529868323709359334793457968867512216477798918303927163120""]",14537963265850539015090671292913129800573442530565687433985001158662408488535|24584985274241329793529868323709359334793457968867512216477798918303927163120,14537963265850539015090671292913129800573442530565687433985001158662408488535,Yes,False,,,,,,,,,,,,654.06
2026-07-19T00:18:56Z,EPL,333084,epl-team-to-qualify-for-uefa-conference-league,EPL: Team to qualify for UEFA Conference League,2026-04-01T17:27:13.650134Z,1818380,will-manchester-united-qualify-for-the-league-phase-of-the-2026-27-uefa-conference-league,Will Manchester United qualify for the League Phase of the 2026-27 UEFA Conference League?,0x10faa15e034abb4d8b58e96fa9cceaeba84182d8d26061672b3090ef60c474c7,"[""14537963265850539015090671292913129800573442530565687433985001158662408488535"", ""24584985274241329793529868323709359334793457968867512216477798918303927163120""]",14537963265850539015090671292913129800573442530565687433985001158662408488535|24584985274241329793529868323709359334793457968867512216477798918303927163120,24584985274241329793529868323709359334793457968867512216477798918303927163120,No,False,,,,,,,,,,,,654.06
2026-07-19T00:18:56Z,EPL,333084,epl-team-to-qualify-for-uefa-conference-league,EPL: Team to qualify for UEFA Conference League,2026-04-01T17:27:13.650134Z,1818381,will-newcastle-united-qualify-for-the-league-phase-of-the-2026-27-uefa-conference-league,Will Newcastle United qualify for the League Phase of the 2026-27 UEFA Conference League?,0xb0716d2b36fd90dd54c600a9e7647616490002987e3eb1ecb3d10ead4d62d33c,"[""59224980280942325666569394558997382798882386438436610001858371645471216555919"", ""79970515927998557660930530711963196679174481368659736459630565505379849389257""]",59224980280942325666569394558997382798882386438436610001858371645471216555919|79970515927998557660930530711963196679174481368659736459630565505379849389257,59224980280942325666569394558997382798882386438436610001858371645471216555919,Yes,False,,,,,,,,,,,,411.9
2026-07-19T00:18:56Z,EPL,333084,epl-team-to-qualify-for-uefa-conference-league,EPL: Team to qualify for UEFA Conference League,2026-04-01T17:27:13.650134Z,1818381,will-newcastle-united-qualify-for-the-league-phase-of-the-2026-27-uefa-conference-league,Will Newcastle United qualify for the League Phase of the 2026-27 UEFA Conference League?,0xb0716d2b36fd90dd54c600a9e7647616490002987e3eb1ecb3d10ead4d62d33c,"[""59224980280942325666569394558997382798882386438436610001858371645471216555919"", ""79970515927998557660930530711963196679174481368659736459630565505379849389257""]",59224980280942325666569394558997382798882386438436610001858371645471216555919|79970515927998557660930530711963196679174481368659736459630565505379849389257,79970515927998557660930530711963196679174481368659736459630565505379849389257,No,False,,,,,,,,,,,,411.9
2026-07-19T00:18:56Z,EPL,333084,epl-team-to-qualify-for-uefa-conference-league,EPL: Team to qualify for UEFA Conference League,2026-04-01T17:27:13.650134Z,1818382,will-nottingham-forest-qualify-for-the-league-phase-of-the-2026-27-uefa-conference-league,Will Nottingham Forest qualify for the League Phase of the 2026-27 UEFA Conference League?,0xe911ed8e88ee4d94cb587ed6128a6c15596d9338a4d90b78b9ea20b0578fc156,"[""19481881546917834293067497074329377518935142669934498853237227966392229142245"", ""57602898067754327037427882833634701750997153547931685588132390215919583981742""]",19481881546917834293067497074329377518935142669934498853237227966392229142245|57602898067754327037427882833634701750997153547931685588132390215919583981742,19481881546917834293067497074329377518935142669934498853237227966392229142245,Yes,False,,,,,,,,,,,,407.7161
2026-07-19T00:18:56Z,EPL,333084,epl-team-to-qualify-for-uefa-conference-league,EPL: Team to qualify for UEFA Conference League,2026-04-01T17:27:13.650134Z,1818382,will-nottingham-forest-qualify-for-the-league-phase-of-the-2026-27-uefa-conference-league,Will Nottingham Forest qualify for the League Phase of the 2026-27 UEFA Conference League?,0xe911ed8e88ee4d94cb587ed6128a6c15596d9338a4d90b78b9ea20b0578fc156,"[""19481881546917834293067497074329377518935142669934498853237227966392229142245"", ""57602898067754327037427882833634701750997153547931685588132390215919583981742""]",19481881546917834293067497074329377518935142669934498853237227966392229142245|57602898067754327037427882833634701750997153547931685588132390215919583981742,57602898067754327037427882833634701750997153547931685588132390215919583981742,No,False,,,,,,,,,,,,407.7161
2026-07-19T00:18:56Z,EPL,333084,epl-team-to-qualify-for-uefa-conference-league,EPL: Team to qualify for UEFA Conference League,2026-04-01T17:27:13.650134Z,1818383,will-southampton-qualify-for-the-league-phase-of-the-2026-27-uefa-conference-league,Will Southampton qualify for the League Phase of the 2026-27 UEFA Conference League?,0x7ca2adbbd88851add0e546dd78574d7e79fc00c76e8c490e5692bf8023c11e75,"[""26877828097379119176280047098274709531228788895296330595994436624390898867911"", ""115748130349087715420332870666315257990045222809843222754054247382701059943674""]",26877828097379119176280047098274709531228788895296330595994436624390898867911|115748130349087715420332870666315257990045222809843222754054247382701059943674,26877828097379119176280047098274709531228788895296330595994436624390898867911,Yes,False,,,,,,,,,,,0,617.6899999999999
2026-07-19T00:18:56Z,EPL,333084,epl-team-to-qualify-for-uefa-conference-league,EPL: Team to qualify for UEFA Conference League,2026-04-01T17:27:13.650134Z,1818383,will-southampton-qualify-for-the-league-phase-of-the-2026-27-uefa-conference-league,Will Southampton qualify for the League Phase of the 2026-27 UEFA Conference League?,0x7ca2adbbd88851add0e546dd78574d7e79fc00c76e8c490e5692bf8023c11e75,"[""26877828097379119176280047098274709531228788895296330595994436624390898867911"", ""115748130349087715420332870666315257990045222809843222754054247382701059943674""]",26877828097379119176280047098274709531228788895296330595994436624390898867911|115748130349087715420332870666315257990045222809843222754054247382701059943674,115748130349087715420332870666315257990045222809843222754054247382701059943674,No,False,,,,,,,,,,,0,617.6899999999999
2026-07-19T00:18:56Z,EPL,333084,epl-team-to-qualify-for-uefa-conference-league,EPL: Team to qualify for UEFA Conference League,2026-04-01T17:27:13.650134Z,1818384,will-tottenham-hotspur-qualify-for-the-league-phase-of-the-2026-27-uefa-conference-league,Will Tottenham Hotspur qualify for the League Phase of the 2026-27 UEFA Conference League?,0xe98b7da9a346eb2aced5b9300c7a53e4d7c147741b546f005de0b3c0d89e0ae1,"[""16165000919596414242427788888124743916698715129044155178467657105167009019476"", ""114828181514576721851254739097127564151815507804110569853443476924908844910766""]",16165000919596414242427788888124743916698715129044155178467657105167009019476|114828181514576721851254739097127564151815507804110569853443476924908844910766,16165000919596414242427788888124743916698715129044155178467657105167009019476,Yes,False,,,,,,,,,,,,1126.7675
2026-07-19T00:18:56Z,EPL,333084,epl-team-to-qualify-for-uefa-conference-league,EPL: Team to qualify for UEFA Conference League,2026-04-01T17:27:13.650134Z,1818384,will-tottenham-hotspur-qualify-for-the-league-phase-of-the-2026-27-uefa-conference-league,Will Tottenham Hotspur qualify for the League Phase of the 2026-27 UEFA Conference League?,0xe98b7da9a346eb2aced5b9300c7a53e4d7c147741b546f005de0b3c0d89e0ae1,"[""16165000919596414242427788888124743916698715129044155178467657105167009019476"", ""114828181514576721851254739097127564151815507804110569853443476924908844910766""]",16165000919596414242427788888124743916698715129044155178467657105167009019476|114828181514576721851254739097127564151815507804110569853443476924908844910766,114828181514576721851254739097127564151815507804110569853443476924908844910766,No,False,,,,,,,,,,,,1126.7675
2026-07-19T00:18:56Z,EPL,333084,epl-team-to-qualify-for-uefa-conference-league,EPL: Team to qualify for UEFA Conference League,2026-04-01T17:27:13.650134Z,1818385,will-west-ham-united-qualify-for-the-league-phase-of-the-2026-27-uefa-conference-league,Will West Ham United qualify for the League Phase of the 2026-27 UEFA Conference League?,0xbc79053a1f7691b55171b4a210da33b3c3fba449c9df4fd954856635f8da0e8e,"[""54894379652853834326297942957419603346481276275403414881816173756537774757640"", ""33108900391203812803918822219418560079370282336069888352885661677363224124116""]",54894379652853834326297942957419603346481276275403414881816173756537774757640|33108900391203812803918822219418560079370282336069888352885661677363224124116,54894379652853834326297942957419603346481276275403414881816173756537774757640,Yes,False,,,,,,,,,,,,207.137
2026-07-19T00:18:56Z,EPL,333084,epl-team-to-qualify-for-uefa-conference-league,EPL: Team to qualify for UEFA Conference League,2026-04-01T17:27:13.650134Z,1818385,will-west-ham-united-qualify-for-the-league-phase-of-the-2026-27-uefa-conference-league,Will West Ham United qualify for the League Phase of the 2026-27 UEFA Conference League?,0xbc79053a1f7691b55171b4a210da33b3c3fba449c9df4fd954856635f8da0e8e,"[""54894379652853834326297942957419603346481276275403414881816173756537774757640"", ""33108900391203812803918822219418560079370282336069888352885661677363224124116""]",54894379652853834326297942957419603346481276275403414881816173756537774757640|33108900391203812803918822219418560079370282336069888352885661677363224124116,33108900391203812803918822219418560079370282336069888352885661677363224124116,No,False,,,,,,,,,,,,207.137
2026-07-19T00:18:56Z,EPL,333084,epl-team-to-qualify-for-uefa-conference-league,EPL: Team to qualify for UEFA Conference League,2026-04-01T17:27:13.650134Z,1818386,will-wolverhampton-wanderers-qualify-for-the-league-phase-of-the-2026-27-uefa-conference-league,Will Wolverhampton Wanderers qualify for the League Phase of the 2026-27 UEFA Conference League?,0x612a47d48e42fc85f4b3099edd0779c399e7393325bae5ef494fbec0b518be97,"[""39645891629689350247020865542579082583944711546641819664090458601825821008952"", ""27752113810792547257158395279414992925826179248970504390132410269490063597360""]",39645891629689350247020865542579082583944711546641819664090458601825821008952|27752113810792547257158395279414992925826179248970504390132410269490063597360,39645891629689350247020865542579082583944711546641819664090458601825821008952,Yes,False,,,,,,,,,,,,216.45
2026-07-19T00:18:56Z,EPL,333084,epl-team-to-qualify-for-uefa-conference-league,EPL: Team to qualify for UEFA Conference League,2026-04-01T17:27:13.650134Z,1818386,will-wolverhampton-wanderers-qualify-for-the-league-phase-of-the-2026-27-uefa-conference-league,Will Wolverhampton Wanderers qualify for the League Phase of the 2026-27 UEFA Conference League?,0x612a47d48e42fc85f4b3099edd0779c399e7393325bae5ef494fbec0b518be97,"[""39645891629689350247020865542579082583944711546641819664090458601825821008952"", ""27752113810792547257158395279414992925826179248970504390132410269490063597360""]",39645891629689350247020865542579082583944711546641819664090458601825821008952|27752113810792547257158395279414992925826179248970504390132410269490063597360,27752113810792547257158395279414992925826179248970504390132410269490063597360,No,False,,,,,,,,,,,,216.45
2026-07-19T00:18:56Z,EPL,435490,epl-2026-team-of-the-season,EPL: 2026 PFA Team of the Year,2026-05-01T16:17:58.439577Z,2127663,will-david-raya-be-named-to-the-2026-pfa-premier-league-team-of-the-year,Will David Raya be named to the 2026 PFA Premier League Team of the Year?,0x50561f0ac9fb48ce9b1dc8f78f84dea5e43d9d30bd507eb93fa57b11a996ffeb,"[""3488261232009523381576281256634840719226792569353110860105294590188599877555"", ""33896607823388600558222421347266613674976673770405419631622989961143438148884""]",3488261232009523381576281256634840719226792569353110860105294590188599877555|33896607823388600558222421347266613674976673770405419631622989961143438148884,3488261232009523381576281256634840719226792569353110860105294590188599877555,Yes,True,0.06,6.16,0.94,6.16,0.5,0.8799999999999999,978edbad1fdb3b7be2b0be7422b673993c47e8a1,0.01,5,,9.4257,
2026-07-19T00:18:56Z,EPL,435490,epl-2026-team-of-the-season,EPL: 2026 PFA Team of the Year,2026-05-01T16:17:58.439577Z,2127663,will-david-raya-be-named-to-the-2026-pfa-premier-league-team-of-the-year,Will David Raya be named to the 2026 PFA Premier League Team of the Year?,0x50561f0ac9fb48ce9b1dc8f78f84dea5e43d9d30bd507eb93fa57b11a996ffeb,"[""3488261232009523381576281256634840719226792569353110860105294590188599877555"", ""33896607823388600558222421347266613674976673770405419631622989961143438148884""]",3488261232009523381576281256634840719226792569353110860105294590188599877555|33896607823388600558222421347266613674976673770405419631622989961143438148884,33896607823388600558222421347266613674976673770405419631622989961143438148884,No,True,0.06,6.16,0.94,6.16,0.5,0.8799999999999999,24fc2cd8da4f5e7117219a18875278dfc9a34613,0.01,5,,9.4257,
2026-07-19T00:18:56Z,EPL,435490,epl-2026-team-of-the-season,EPL: 2026 PFA Team of the Year,2026-05-01T16:17:58.439577Z,2127664,will-jordan-pickford-be-named-to-the-2026-pfa-premier-league-team-of-the-year,Will Jordan Pickford be named to the 2026 PFA Premier League Team of the Year?,0x206d3cf11b86b16708f160e1e5223e75f4f0b126fbfecb52300077792e4a978f,"[""69002409170326112222673578355907486486435514190626080376764720483535336436602"", ""29764786967669041151836718379664776749611256940389381248189333088896507813340""]",69002409170326112222673578355907486486435514190626080376764720483535336436602|29764786967669041151836718379664776749611256940389381248189333088896507813340,69002409170326112222673578355907486486435514190626080376764720483535336436602,Yes,True,0.04,11.82,0.94,6.16,0.49,0.8999999999999999,5db8c721a1badbf782b33ac8f69e1457cb895a85,0.01,5,,4.1167,
2026-07-19T00:18:56Z,EPL,435490,epl-2026-team-of-the-season,EPL: 2026 PFA Team of the Year,2026-05-01T16:17:58.439577Z,2127664,will-jordan-pickford-be-named-to-the-2026-pfa-premier-league-team-of-the-year,Will Jordan Pickford be named to the 2026 PFA Premier League Team of the Year?,0x206d3cf11b86b16708f160e1e5223e75f4f0b126fbfecb52300077792e4a978f,"[""69002409170326112222673578355907486486435514190626080376764720483535336436602"", ""29764786967669041151836718379664776749611256940389381248189333088896507813340""]",69002409170326112222673578355907486486435514190626080376764720483535336436602|29764786967669041151836718379664776749611256940389381248189333088896507813340,29764786967669041151836718379664776749611256940389381248189333088896507813340,No,True,0.06,6.16,0.96,11.82,0.51,0.8999999999999999,ee45cf6eb1e0785126afd00081169136fc9b25a6,0.01,5,,4.1167,
2026-07-19T00:18:56Z,EPL,435490,epl-2026-team-of-the-season,EPL: 2026 PFA Team of the Year,2026-05-01T16:17:58.439577Z,2127665,will-dean-henderson-be-named-to-the-2026-pfa-premier-league-team-of-the-year,Will Dean Henderson be named to the 2026 PFA Premier League Team of the Year?,0x67ebb7796df1324b1b084b0aaa59e3379513583ac93e3c8e968935e7dbb1f535,"[""77730449116026385251216021681478758817188404733132958155748625297475510396335"", ""86484569427189395298179892127162282618369840953731094949208918944830421003973""]",77730449116026385251216021681478758817188404733132958155748625297475510396335|86484569427189395298179892127162282618369840953731094949208918944830421003973,77730449116026385251216021681478758817188404733132958155748625297475510396335,Yes,True,0.04,11.82,0.94,6.16,0.49,0.8999999999999999,9585d757e402d2d1a30847b7a10407ab5106e568,0.01,5,,4.1805,
2026-07-19T00:18:56Z,EPL,435490,epl-2026-team-of-the-season,EPL: 2026 PFA Team of the Year,2026-05-01T16:17:58.439577Z,2127665,will-dean-henderson-be-named-to-the-2026-pfa-premier-league-team-of-the-year,Will Dean Henderson be named to the 2026 PFA Premier League Team of the Year?,0x67ebb7796df1324b1b084b0aaa59e3379513583ac93e3c8e968935e7dbb1f535,"[""77730449116026385251216021681478758817188404733132958155748625297475510396335"", ""86484569427189395298179892127162282618369840953731094949208918944830421003973""]",77730449116026385251216021681478758817188404733132958155748625297475510396335|86484569427189395298179892127162282618369840953731094949208918944830421003973,86484569427189395298179892127162282618369840953731094949208918944830421003973,No,True,0.06,6.16,0.96,11.82,0.51,0.8999999999999999,15cb0081cd3f349887ba461bc79be60c74fb8267,0.01,5,,4.1805,
2026-07-19T00:18:56Z,EPL,435490,epl-2026-team-of-the-season,EPL: 2026 PFA Team of the Year,2026-05-01T16:17:58.439577Z,2127666,will-robin-roefs-be-named-to-the-2026-pfa-premier-league-team-of-the-year,Will Robin Roefs be named to the 2026 PFA Premier League Team of the Year?,0xdae0f14d1b5ea256638164c6578853226408702f44e238ca8fa692998fdc6332,"[""70182957445101902779363373709716695169810926012757858042099415085409463195888"", ""90699863564786576085723598309072905823666331748016080742800846290619606364496""]",70182957445101902779363373709716695169810926012757858042099415085409463195888|90699863564786576085723598309072905823666331748016080742800846290619606364496,70182957445101902779363373709716695169810926012757858042099415085409463195888,Yes,True,0.01,88.4,0.94,6.16,0.475,0.9299999999999999,a6463478fd0489f59bb2f54e701e66669f4ee308,0.01,5,,3.2918,
2026-07-19T00:18:56Z,EPL,435490,epl-2026-team-of-the-season,EPL: 2026 PFA Team of the Year,2026-05-01T16:17:58.439577Z,2127666,will-robin-roefs-be-named-to-the-2026-pfa-premier-league-team-of-the-year,Will Robin Roefs be named to the 2026 PFA Premier League Team of the Year?,0xdae0f14d1b5ea256638164c6578853226408702f44e238ca8fa692998fdc6332,"[""70182957445101902779363373709716695169810926012757858042099415085409463195888"", ""90699863564786576085723598309072905823666331748016080742800846290619606364496""]",70182957445101902779363373709716695169810926012757858042099415085409463195888|90699863564786576085723598309072905823666331748016080742800846290619606364496,90699863564786576085723598309072905823666331748016080742800846290619606364496,No,True,0.06,6.16,0.99,88.4,0.525,0.9299999999999999,cbff61b3e75daf6848475fe347e3a8add13ecad1,0.01,5,,3.2918,
2026-07-19T00:18:56Z,EPL,435490,epl-2026-team-of-the-season,EPL: 2026 PFA Team of the Year,2026-05-01T16:17:58.439577Z,2127667,will-gianluigi-donnarumma-be-named-to-the-2026-pfa-premier-league-team-of-the-year,Will Gianluigi Donnarumma be named to the 2026 PFA Premier League Team of the Year?,0x322441734b9f23744de899e345ef48ec25e0055f8b1bfc19fe4612055a8ff2df,"[""65007673257262595676530056363240287641293306267550009290432560084643152028010"", ""97388027101380065799871752579213229783305736941572715830099055292320933629215""]",65007673257262595676530056363240287641293306267550009290432560084643152028010|97388027101380065799871752579213229783305736941572715830099055292320933629215,65007673257262595676530056363240287641293306267550009290432560084643152028010,Yes,True,0.04,11.82,0.96,11.82,0.5,0.9199999999999999,6194c7f18d85edcc0a4f04fc0009a031521d24ca,0.01,5,,4.2906,
2026-07-19T00:18:56Z,EPL,435490,epl-2026-team-of-the-season,EPL: 2026 PFA Team of the Year,2026-05-01T16:17:58.439577Z,2127667,will-gianluigi-donnarumma-be-named-to-the-2026-pfa-premier-league-team-of-the-year,Will Gianluigi Donnarumma be named to the 2026 PFA Premier League Team of the Year?,0x322441734b9f23744de899e345ef48ec25e0055f8b1bfc19fe4612055a8ff2df,"[""65007673257262595676530056363240287641293306267550009290432560084643152028010"", ""97388027101380065799871752579213229783305736941572715830099055292320933629215""]",65007673257262595676530056363240287641293306267550009290432560084643152028010|97388027101380065799871752579213229783305736941572715830099055292320933629215,97388027101380065799871752579213229783305736941572715830099055292320933629215,No,True,0.04,11.82,0.96,11.82,0.5,0.9199999999999999,5f36a0e29a97cb419170a57c92817c02d3f46b6f,0.01,5,,4.2906,
2026-07-19T00:18:56Z,EPL,435490,epl-2026-team-of-the-season,EPL: 2026 PFA Team of the Year,2026-05-01T16:17:58.439577Z,2127668,will-jurrien-timber-be-named-to-the-2026-pfa-premier-league-team-of-the-year,Will Jurrien Timber be named to the 2026 PFA Premier League Team of the Year?,0x97ca47da99683bddec8036ce29388c2e400e7cecfea8ac4dbef54ac0791cc593,"[""58745854058166153005664210409408254918505117901359386106376082227012206838503"", ""43365583002812118163534009703280808191029196488960918105614424745527498298109""]",58745854058166153005664210409408254918505117901359386106376082227012206838503|43365583002812118163534009703280808191029196488960918105614424745527498298109,58745854058166153005664210409408254918505117901359386106376082227012206838503,Yes,True,0.04,11.82,0.96,11.82,0.5,0.9199999999999999,3f4f0bb0da54989f8fa051a11c7ca24f70a37a1f,0.01,5,,4.2856,
2026-07-19T00:18:56Z,EPL,435490,epl-2026-team-of-the-season,EPL: 2026 PFA Team of the Year,2026-05-01T16:17:58.439577Z,2127668,will-jurrien-timber-be-named-to-the-2026-pfa-premier-league-team-of-the-year,Will Jurrien Timber be named to the 2026 PFA Premier League Team of the Year?,0x97ca47da99683bddec8036ce29388c2e400e7cecfea8ac4dbef54ac0791cc593,"[""58745854058166153005664210409408254918505117901359386106376082227012206838503"", ""43365583002812118163534009703280808191029196488960918105614424745527498298109""]",58745854058166153005664210409408254918505117901359386106376082227012206838503|43365583002812118163534009703280808191029196488960918105614424745527498298109,43365583002812118163534009703280808191029196488960918105614424745527498298109,No,True,0.04,11.82,0.96,11.82,0.5,0.9199999999999999,f1070d0a5b03c40414b3a14d9365cc040411e1bf,0.01,5,,4.2856,
2026-07-19T00:18:56Z,EPL,435490,epl-2026-team-of-the-season,EPL: 2026 PFA Team of the Year,2026-05-01T16:17:58.439577Z,2127669,will-matheus-nunes-be-named-to-the-2026-pfa-premier-league-team-of-the-year,Will Matheus Nunes be named to the 2026 PFA Premier League Team of the Year?,0x236166693870332c38cc1f290d2de8a00eafa1b78519182663a58811b1011705,"[""71852886829417081758693278389180020836881806315641141653569411011094941385487"", ""27873264127773337044236459909692649813557879461485496445916977915515730222703""]",71852886829417081758693278389180020836881806315641141653569411011094941385487|27873264127773337044236459909692649813557879461485496445916977915515730222703,71852886829417081758693278389180020836881806315641141653569411011094941385487,Yes,True,0.04,11.97,0.96,11.82,0.5,0.9199999999999999,c1c059da31cf39504074f53fcf2467d1d9d2b4e4,0.01,5,,4.9208,
2026-07-19T00:18:56Z,EPL,435490,epl-2026-team-of-the-season,EPL: 2026 PFA Team of the Year,2026-05-01T16:17:58.439577Z,2127669,will-matheus-nunes-be-named-to-the-2026-pfa-premier-league-team-of-the-year,Will Matheus Nunes be named to the 2026 PFA Premier League Team of the Year?,0x236166693870332c38cc1f290d2de8a00eafa1b78519182663a58811b1011705,"[""71852886829417081758693278389180020836881806315641141653569411011094941385487"", ""27873264127773337044236459909692649813557879461485496445916977915515730222703""]",71852886829417081758693278389180020836881806315641141653569411011094941385487|27873264127773337044236459909692649813557879461485496445916977915515730222703,27873264127773337044236459909692649813557879461485496445916977915515730222703,No,True,0.04,11.82,0.96,11.97,0.5,0.9199999999999999,f0683e490185e6f6eb17acd975878d3a3a664da7,0.01,5,,4.9208,
2026-07-19T00:18:56Z,EPL,435490,epl-2026-team-of-the-season,EPL: 2026 PFA Team of the Year,2026-05-01T16:17:58.439577Z,2127670,will-gabriel-magalhes-be-named-to-the-2026-pfa-premier-league-team-of-the-year,Will Gabriel Magalhães be named to the 2026 PFA Premier League Team of the Year?,0xd3d8a97f490967ba04bcf06a1f1fa0b8e14ff08f5f0781bccb14c7eb1cf34ca6,"[""112756383879220814577105643520650901454791316512357676513193784191480344438666"", ""7697378624768914483353901406042873706810082834244678754453720343911008090965""]",112756383879220814577105643520650901454791316512357676513193784191480344438666|7697378624768914483353901406042873706810082834244678754453720343911008090965,112756383879220814577105643520650901454791316512357676513193784191480344438666,Yes,True,0.06,6.16,0.96,11.82,0.51,0.8999999999999999,d597722f82e5cd5c0679dc7a39e3edd0c2274916,0.01,5,,4.1805,
2026-07-19T00:18:56Z,EPL,435490,epl-2026-team-of-the-season,EPL: 2026 PFA Team of the Year,2026-05-01T16:17:58.439577Z,2127670,will-gabriel-magalhes-be-named-to-the-2026-pfa-premier-league-team-of-the-year,Will Gabriel Magalhães be named to the 2026 PFA Premier League Team of the Year?,0xd3d8a97f490967ba04bcf06a1f1fa0b8e14ff08f5f0781bccb14c7eb1cf34ca6,"[""112756383879220814577105643520650901454791316512357676513193784191480344438666"", ""7697378624768914483353901406042873706810082834244678754453720343911008090965""]",112756383879220814577105643520650901454791316512357676513193784191480344438666|7697378624768914483353901406042873706810082834244678754453720343911008090965,7697378624768914483353901406042873706810082834244678754453720343911008090965,No,True,0.04,11.82,0.94,6.16,0.49,0.8999999999999999,ac7536d68b538476188c5f2bbada865e828e00c6,0.01,5,,4.1805,
2026-07-19T00:18:56Z,EPL,435490,epl-2026-team-of-the-season,EPL: 2026 PFA Team of the Year,2026-05-01T16:17:58.439577Z,2127671,will-william-saliba-be-named-to-the-2026-pfa-premier-league-team-of-the-year,Will William Saliba be named to the 2026 PFA Premier League Team of the Year?,0xc344b5f7891b8617e7118aaa24bac3840a587691c1a36daa479a61de0b79bcb6,"[""47207660538745167295586664941849591121956044929877358537501900994850424263330"", ""105234782857798608331719124706582304874620432378282673665444164066431160124095""]",47207660538745167295586664941849591121956044929877358537501900994850424263330|105234782857798608331719124706582304874620432378282673665444164066431160124095,47207660538745167295586664941849591121956044929877358537501900994850424263330,Yes,True,0.04,11.82,0.96,11.82,0.5,0.9199999999999999,3fa96d25b144ab432c62c81548f4cad6ce6d7317,0.01,5,,4.3566,
2026-07-19T00:18:56Z,EPL,435490,epl-2026-team-of-the-season,EPL: 2026 PFA Team of the Year,2026-05-01T16:17:58.439577Z,2127671,will-william-saliba-be-named-to-the-2026-pfa-premier-league-team-of-the-year,Will William Saliba be named to the 2026 PFA Premier League Team of the Year?,0xc344b5f7891b8617e7118aaa24bac3840a587691c1a36daa479a61de0b79bcb6,"[""47207660538745167295586664941849591121956044929877358537501900994850424263330"", ""105234782857798608331719124706582304874620432378282673665444164066431160124095""]",47207660538745167295586664941849591121956044929877358537501900994850424263330|105234782857798608331719124706582304874620432378282673665444164066431160124095,105234782857798608331719124706582304874620432378282673665444164066431160124095,No,True,0.04,11.82,0.96,11.82,0.5,0.9199999999999999,694519e6f192b2b02fc6b4a2ffdffbf14022050b,0.01,5,,4.3566,
2026-07-19T00:18:56Z,EPL,435490,epl-2026-team-of-the-season,EPL: 2026 PFA Team of the Year,2026-05-01T16:17:58.439577Z,2127672,will-marc-guehi-be-named-to-the-2026-pfa-premier-league-team-of-the-year,Will Marc Guehi be named to the 2026 PFA Premier League Team of the Year?,0x9a7829bcaf4bd65e903739dace6db739a8b68a396fd2c71a3d23d2a2cf2e88c5,"[""18774341203836696417330165615678664168245576790259527905518242337305438497157"", ""17833812615529939189123941305353432679112045501201563425472779980851390683424""]",18774341203836696417330165615678664168245576790259527905518242337305438497157|17833812615529939189123941305353432679112045501201563425472779980851390683424,18774341203836696417330165615678664168245576790259527905518242337305438497157,Yes,True,0.04,11.82,0.96,11.82,0.5,0.9199999999999999,e6bd97223b1fbff470aea74c0d194013769bb07a,0.01,5,,4.2904,
2026-07-19T00:18:56Z,EPL,435490,epl-2026-team-of-the-season,EPL: 2026 PFA Team of the Year,2026-05-01T16:17:58.439577Z,2127672,will-marc-guehi-be-named-to-the-2026-pfa-premier-league-team-of-the-year,Will Marc Guehi be named to the 2026 PFA Premier League Team of the Year?,0x9a7829bcaf4bd65e903739dace6db739a8b68a396fd2c71a3d23d2a2cf2e88c5,"[""18774341203836696417330165615678664168245576790259527905518242337305438497157"", ""17833812615529939189123941305353432679112045501201563425472779980851390683424""]",18774341203836696417330165615678664168245576790259527905518242337305438497157|17833812615529939189123941305353432679112045501201563425472779980851390683424,17833812615529939189123941305353432679112045501201563425472779980851390683424,No,True,0.04,11.82,0.96,11.82,0.5,0.9199999999999999,da18abd1b23e472ab68e1da7e4d0f96e62b3d793,0.01,5,,4.2904,
2026-07-19T00:18:56Z,EPL,435490,epl-2026-team-of-the-season,EPL: 2026 PFA Team of the Year,2026-05-01T16:17:58.439577Z,2127673,will-virgil-van-dijk-be-named-to-the-2026-pfa-premier-league-team-of-the-year,Will Virgil van Dijk be named to the 2026 PFA Premier League Team of the Year?,0x644231d6b178ebd20f0ab0b061a790f9dee4479ce96ab40686c8ade6f50a0238,"[""31721429411257768645758803262981554412084956132795321375044902571901613004887"", ""113776996666262784023568460080999498147130358875198884777079734831639187945943""]",31721429411257768645758803262981554412084956132795321375044902571901613004887|113776996666262784023568460080999498147130358875198884777079734831639187945943,31721429411257768645758803262981554412084956132795321375044902571901613004887,Yes,True,0.01,36.8,0.97,20.5,0.49,0.96,430dc48fbc55dadec855b1e9577bf9ad2ebb5901,0.01,5,,2.7676,1.694914
2026-07-19T00:18:56Z,EPL,435490,epl-2026-team-of-the-season,EPL: 2026 PFA Team of the Year,2026-05-01T16:17:58.439577Z,2127673,will-virgil-van-dijk-be-named-to-the-2026-pfa-premier-league-team-of-the-year,Will Virgil van Dijk be named to the 2026 PFA Premier League Team of the Year?,0x644231d6b178ebd20f0ab0b061a790f9dee4479ce96ab40686c8ade6f50a0238,"[""31721429411257768645758803262981554412084956132795321375044902571901613004887"", ""113776996666262784023568460080999498147130358875198884777079734831639187945943""]",31721429411257768645758803262981554412084956132795321375044902571901613004887|113776996666262784023568460080999498147130358875198884777079734831639187945943,113776996666262784023568460080999498147130358875198884777079734831639187945943,No,True,0.03,20.5,0.99,36.8,0.51,0.96,5df1ca0417ae89b9d178c93bb768d04e2afc94d5,0.01,5,,2.7676,1.694914
2026-07-19T00:18:56Z,EPL,435490,epl-2026-team-of-the-season,EPL: 2026 PFA Team of the Year,2026-05-01T16:17:58.439577Z,2127674,will-marc-cucurella-be-named-to-the-2026-pfa-premier-league-team-of-the-year,Will Marc Cucurella be named to the 2026 PFA Premier League Team of the Year?,0xe74cf34bab6946206532fd38cbf5a7eb4b346f7d13bffc6ae16eb3a69a4225d0,"[""59830425161161665808750586172447751894718446914006207206558327469584286337472"", ""85414521652635437338276097105191648874111759265882984452544936528659374053637""]",59830425161161665808750586172447751894718446914006207206558327469584286337472|85414521652635437338276097105191648874111759265882984452544936528659374053637,59830425161161665808750586172447751894718446914006207206558327469584286337472,Yes,True,0.01,78.4,0.96,11.82,0.485,0.95,e825f45be168d9ca7dd007e983c8ee4fe444a235,0.01,5,,3.3608,
2026-07-19T00:18:56Z,EPL,435490,epl-2026-team-of-the-season,EPL: 2026 PFA Team of the Year,2026-05-01T16:17:58.439577Z,2127674,will-marc-cucurella-be-named-to-the-2026-pfa-premier-league-team-of-the-year,Will Marc Cucurella be named to the 2026 PFA Premier League Team of the Year?,0xe74cf34bab6946206532fd38cbf5a7eb4b346f7d13bffc6ae16eb3a69a4225d0,"[""59830425161161665808750586172447751894718446914006207206558327469584286337472"", ""85414521652635437338276097105191648874111759265882984452544936528659374053637""]",59830425161161665808750586172447751894718446914006207206558327469584286337472|85414521652635437338276097105191648874111759265882984452544936528659374053637,85414521652635437338276097105191648874111759265882984452544936528659374053637,No,True,0.04,11.82,0.99,78.4,0.515,0.95,527f6daa87f4c2257ec72223bb2fde64cc07a611,0.01,5,,3.3608,
2026-07-19T00:18:56Z,EPL,435490,epl-2026-team-of-the-season,EPL: 2026 PFA Team of the Year,2026-05-01T16:17:58.439577Z,2127675,will-piero-hincapie-be-named-to-the-2026-pfa-premier-league-team-of-the-year,Will Piero Hincapie be named to the 2026 PFA Premier League Team of the Year?,0x1d5d1e655085db69c387488aa7e661d4719bfa9c0bb392dd05652008c40b4a9a,"[""108011205392215304373394466135742493782019922749752404322686744906595861300763"", ""73789363813582664474158671396757087735667554782131752276569900280712319722369""]",108011205392215304373394466135742493782019922749752404322686744906595861300763|73789363813582664474158671396757087735667554782131752276569900280712319722369,108011205392215304373394466135742493782019922749752404322686744906595861300763,Yes,True,0.04,11.82,0.94,6.16,0.49,0.8999999999999999,ec7de9ba5d1f68fe6a846dd1fb08538ed9226347,0.01,5,,4.1854,
2026-07-19T00:18:56Z,EPL,435490,epl-2026-team-of-the-season,EPL: 2026 PFA Team of the Year,2026-05-01T16:17:58.439577Z,2127675,will-piero-hincapie-be-named-to-the-2026-pfa-premier-league-team-of-the-year,Will Piero Hincapie be named to the 2026 PFA Premier League Team of the Year?,0x1d5d1e655085db69c387488aa7e661d4719bfa9c0bb392dd05652008c40b4a9a,"[""108011205392215304373394466135742493782019922749752404322686744906595861300763"", ""73789363813582664474158671396757087735667554782131752276569900280712319722369""]",108011205392215304373394466135742493782019922749752404322686744906595861300763|73789363813582664474158671396757087735667554782131752276569900280712319722369,73789363813582664474158671396757087735667554782131752276569900280712319722369,No,True,0.06,6.16,0.96,11.82,0.51,0.8999999999999999,1c8680489f0814449c1b3aa4a6c9fcea2d874392,0.01,5,,4.1854,
2026-07-19T00:18:56Z,EPL,435490,epl-2026-team-of-the-season,EPL: 2026 PFA Team of the Year,2026-05-01T16:17:58.439577Z,2127676,will-declan-rice-be-named-to-the-2026-pfa-premier-league-team-of-the-year,Will Declan Rice be named to the 2026 PFA Premier League Team of the Year?,0x898bbb37bb3e8e03480b52c31bc12b12019e84f4d4042d25622f9a9b9f1a21f2,"[""11523245240526311970979368164866348724509187066335918581337691503956313417913"", ""16544219157755328462914309364144553632877138543113142832790826044960896254419""]",11523245240526311970979368164866348724509187066335918581337691503956313417913|16544219157755328462914309364144553632877138543113142832790826044960896254419,11523245240526311970979368164866348724509187066335918581337691503956313417913,Yes,True,0.07,5.0,0.96,25.36,0.515,0.8899999999999999,1c20ff55a78f61ff1a19100355bca60da40bcb6d,0.01,5,,5.3416,16.114284
2026-07-19T00:18:56Z,EPL,435490,epl-2026-team-of-the-season,EPL: 2026 PFA Team of the Year,2026-05-01T16:17:58.439577Z,2127676,will-declan-rice-be-named-to-the-2026-pfa-premier-league-team-of-the-year,Will Declan Rice be named to the 2026 PFA Premier League Team of the Year?,0x898bbb37bb3e8e03480b52c31bc12b12019e84f4d4042d25622f9a9b9f1a21f2,"[""11523245240526311970979368164866348724509187066335918581337691503956313417913"", ""16544219157755328462914309364144553632877138543113142832790826044960896254419""]",11523245240526311970979368164866348724509187066335918581337691503956313417913|16544219157755328462914309364144553632877138543113142832790826044960896254419,16544219157755328462914309364144553632877138543113142832790826044960896254419,No,True,0.04,25.36,0.93,5.0,0.48500000000000004,0.89,ce8442fd8e78c962bc9f4dc8dc26fc6dc6d9306c,0.01,5,,5.3416,16.114284
2026-07-19T00:18:56Z,EPL,435490,epl-2026-team-of-the-season,EPL: 2026 PFA Team of the Year,2026-05-01T16:17:58.439577Z,2127677,will-bruno-fernandes-be-named-to-the-2026-pfa-premier-league-team-of-the-year,Will Bruno Fernandes be named to the 2026 PFA Premier League Team of the Year?,0x679720492bcbff900bde0e29eb7e812c77909bccb3c32b79a3186fc1db03b854,"[""86859495495502891076141743940914617575208033060738396981338088715869715113963"", ""65620697419400192059458180949993387679798824363092322581187835468683093164088""]",86859495495502891076141743940914617575208033060738396981338088715869715113963|65620697419400192059458180949993387679798824363092322581187835468683093164088,86859495495502891076141743940914617575208033060738396981338088715869715113963,Yes,True,0.177,5.61,0.976,28.02,0.5765,0.7989999999999999,ccedd4909134bdabea1f9273d2a62144f8cd2f9e,0.001,5,,19.57506,440.10643600000003
2026-07-19T00:18:56Z,EPL,435490,epl-2026-team-of-the-season,EPL: 2026 PFA Team of the Year,2026-05-01T16:17:58.439577Z,2127677,will-bruno-fernandes-be-named-to-the-2026-pfa-premier-league-team-of-the-year,Will Bruno Fernandes be named to the 2026 PFA Premier League Team of the Year?,0x679720492bcbff900bde0e29eb7e812c77909bccb3c32b79a3186fc1db03b854,"[""86859495495502891076141743940914617575208033060738396981338088715869715113963"", ""65620697419400192059458180949993387679798824363092322581187835468683093164088""]",86859495495502891076141743940914617575208033060738396981338088715869715113963|65620697419400192059458180949993387679798824363092322581187835468683093164088,65620697419400192059458180949993387679798824363092322581187835468683093164088,No,True,0.024,28.02,0.823,5.61,0.4235,0.7989999999999999,74287d010ade924e62be106285511e492e7cff58,0.001,5,,19.57506,440.10643600000003
2026-07-19T00:18:56Z,EPL,435490,epl-2026-team-of-the-season,EPL: 2026 PFA Team of the Year,2026-05-01T16:17:58.439577Z,2127678,will-rodri-be-named-to-the-2026-pfa-premier-league-team-of-the-year,Will Rodri be named to the 2026 PFA Premier League Team of the Year?,0xf9de760ff713bdc5ebdc87ea4a88fb9423ef31bc59d2abb917df50b5b44482c1,"[""92734106880343514385310320083033583888695626897895802880610705682382451590633"", ""56976958810450515743106834354983994802402840862579527495329062688335275234740""]",92734106880343514385310320083033583888695626897895802880610705682382451590633|56976958810450515743106834354983994802402840862579527495329062688335275234740,92734106880343514385310320083033583888695626897895802880610705682382451590633,Yes,True,0.04,11.82,0.96,11.82,0.5,0.9199999999999999,7a01650eea95fd349b29e8b590ec4d3b3c71f59f,0.01,5,,4.2904,
2026-07-19T00:18:56Z,EPL,435490,epl-2026-team-of-the-season,EPL: 2026 PFA Team of the Year,2026-05-01T16:17:58.439577Z,2127678,will-rodri-be-named-to-the-2026-pfa-premier-league-team-of-the-year,Will Rodri be named to the 2026 PFA Premier League Team of the Year?,0xf9de760ff713bdc5ebdc87ea4a88fb9423ef31bc59d2abb917df50b5b44482c1,"[""92734106880343514385310320083033583888695626897895802880610705682382451590633"", ""56976958810450515743106834354983994802402840862579527495329062688335275234740""]",92734106880343514385310320083033583888695626897895802880610705682382451590633|56976958810450515743106834354983994802402840862579527495329062688335275234740,56976958810450515743106834354983994802402840862579527495329062688335275234740,No,True,0.04,11.82,0.96,11.82,0.5,0.9199999999999999,ff617e2a7f3094c74fe4faaeb43461387ea03c59,0.01,5,,4.2904,
2026-07-19T00:18:56Z,EPL,435490,epl-2026-team-of-the-season,EPL: 2026 PFA Team of the Year,2026-05-01T16:17:58.439577Z,2127679,will-rayan-cherki-be-named-to-the-2026-pfa-premier-league-team-of-the-year,Will Rayan Cherki be named to the 2026 PFA Premier League Team of the Year?,0xf1bef1d60925998b7577b014ea907965209b9045c197e79e77eb14439d7c431a,"[""44002481860388892740183335966007748831643129921411222940033401480764334836407"", ""47465498507287502475094187263593898643776563896680345103863507875745126656121""]",44002481860388892740183335966007748831643129921411222940033401480764334836407|47465498507287502475094187263593898643776563896680345103863507875745126656121,44002481860388892740183335966007748831643129921411222940033401480764334836407,Yes,True,0.04,11.82,0.96,11.82,0.5,0.9199999999999999,c4305b3e13d5753a4fa7a3bb6c623958e746048e,0.01,5,,4.2903,
2026-07-19T00:18:56Z,EPL,435490,epl-2026-team-of-the-season,EPL: 2026 PFA Team of the Year,2026-05-01T16:17:58.439577Z,2127679,will-rayan-cherki-be-named-to-the-2026-pfa-premier-league-team-of-the-year,Will Rayan Cherki be named to the 2026 PFA Premier League Team of the Year?,0xf1bef1d60925998b7577b014ea907965209b9045c197e79e77eb14439d7c431a,"[""44002481860388892740183335966007748831643129921411222940033401480764334836407"", ""47465498507287502475094187263593898643776563896680345103863507875745126656121""]",44002481860388892740183335966007748831643129921411222940033401480764334836407|47465498507287502475094187263593898643776563896680345103863507875745126656121,47465498507287502475094187263593898643776563896680345103863507875745126656121,No,True,0.04,11.82,0.96,11.82,0.5,0.9199999999999999,70e034fa1c74e172584954fe61f5127ee6f11840,0.01,5,,4.2903,
2026-07-19T00:18:56Z,EPL,435490,epl-2026-team-of-the-season,EPL: 2026 PFA Team of the Year,2026-05-01T16:17:58.439577Z,2127680,will-dominik-szoboszlai-be-named-to-the-2026-pfa-premier-league-team-of-the-year,Will Dominik Szoboszlai be named to the 2026 PFA Premier League Team of the Year?,0xd5a172faaf27f951f5bc5c2d19f18367ab85e9c963e7357a8433da84e895507e,"[""10904347939559348084889283384973600207001307228767801114856379948987944051302"", ""63514807846207217791796334733580770155958510280638850911506455990693175502240""]",10904347939559348084889283384973600207001307228767801114856379948987944051302|63514807846207217791796334733580770155958510280638850911506455990693175502240,10904347939559348084889283384973600207001307228767801114856379948987944051302,Yes,True,0.04,11.82,0.96,11.82,0.5,0.9199999999999999,8325d1755962b1a5a2af465b09f2d0f196db430d,0.01,5,,4.2903,
2026-07-19T00:18:56Z,EPL,435490,epl-2026-team-of-the-season,EPL: 2026 PFA Team of the Year,2026-05-01T16:17:58.439577Z,2127680,will-dominik-szoboszlai-be-named-to-the-2026-pfa-premier-league-team-of-the-year,Will Dominik Szoboszlai be named to the 2026 PFA Premier League Team of the Year?,0xd5a172faaf27f951f5bc5c2d19f18367ab85e9c963e7357a8433da84e895507e,"[""10904347939559348084889283384973600207001307228767801114856379948987944051302"", ""63514807846207217791796334733580770155958510280638850911506455990693175502240""]",10904347939559348084889283384973600207001307228767801114856379948987944051302|63514807846207217791796334733580770155958510280638850911506455990693175502240,63514807846207217791796334733580770155958510280638850911506455990693175502240,No,True,0.04,11.82,0.96,11.82,0.5,0.9199999999999999,1495bcd3dc32545b2f97655463f68892279744f0,0.01,5,,4.2903,
2026-07-19T00:18:56Z,EPL,435490,epl-2026-team-of-the-season,EPL: 2026 PFA Team of the Year,2026-05-01T16:17:58.439577Z,2127681,will-moises-caicedo-be-named-to-the-2026-pfa-premier-league-team-of-the-year,Will Moises Caicedo be named to the 2026 PFA Premier League Team of the Year?,0x6a8a0e28a90c3880e21bb6de9eb98f12d5e81a8d88570a2c5b855ee60b6263ba,"[""13244409081849499988815460722411109697257731580831464114667102436005675343259"", ""41998463599395516608520033462694074004839767261466278584344671813809549672424""]",13244409081849499988815460722411109697257731580831464114667102436005675343259|41998463599395516608520033462694074004839767261466278584344671813809549672424,13244409081849499988815460722411109697257731580831464114667102436005675343259,Yes,True,0.04,11.82,0.96,11.82,0.5,0.9199999999999999,552510db56535c71960ad3951814d2b68d9b5008,0.01,5,,4.3516,
2026-07-19T00:18:56Z,EPL,435490,epl-2026-team-of-the-season,EPL: 2026 PFA Team of the Year,2026-05-01T16:17:58.439577Z,2127681,will-moises-caicedo-be-named-to-the-2026-pfa-premier-league-team-of-the-year,Will Moises Caicedo be named to the 2026 PFA Premier League Team of the Year?,0x6a8a0e28a90c3880e21bb6de9eb98f12d5e81a8d88570a2c5b855ee60b6263ba,"[""13244409081849499988815460722411109697257731580831464114667102436005675343259"", ""41998463599395516608520033462694074004839767261466278584344671813809549672424""]",13244409081849499988815460722411109697257731580831464114667102436005675343259|41998463599395516608520033462694074004839767261466278584344671813809549672424,41998463599395516608520033462694074004839767261466278584344671813809549672424,No,True,0.04,11.82,0.96,11.82,0.5,0.9199999999999999,c59edad4d7a8c698194684e7aa65796728fe8d49,0.01,5,,4.3516,
2026-07-19T00:18:56Z,EPL,435490,epl-2026-team-of-the-season,EPL: 2026 PFA Team of the Year,2026-05-01T16:17:58.439577Z,2127682,will-elliot-anderson-be-named-to-the-2026-pfa-premier-league-team-of-the-year,Will Elliot Anderson be named to the 2026 PFA Premier League Team of the Year?,0x3e7b9aff81e624e4f9ef7677696f2d4fae5837bdf83bd9ed2d62ec7a87aaf7a6,"[""2770428290325312677871192984476250158140993595717599201621714256969118294243"", ""87005572382727825804817777311897399081855387101457739624425019964385877189800""]",2770428290325312677871192984476250158140993595717599201621714256969118294243|87005572382727825804817777311897399081855387101457739624425019964385877189800,2770428290325312677871192984476250158140993595717599201621714256969118294243,Yes,True,0.01,78.4,0.96,11.82,0.485,0.95,3186727c69a83aa1965f43e6ebbfd89af6c04541,0.01,5,,3.4926,
2026-07-19T00:18:56Z,EPL,435490,epl-2026-team-of-the-season,EPL: 2026 PFA Team of the Year,2026-05-01T16:17:58.439577Z,2127682,will-elliot-anderson-be-named-to-the-2026-pfa-premier-league-team-of-the-year,Will Elliot Anderson be named to the 2026 PFA Premier League Team of the Year?,0x3e7b9aff81e624e4f9ef7677696f2d4fae5837bdf83bd9ed2d62ec7a87aaf7a6,"[""2770428290325312677871192984476250158140993595717599201621714256969118294243"", ""87005572382727825804817777311897399081855387101457739624425019964385877189800""]",2770428290325312677871192984476250158140993595717599201621714256969118294243|87005572382727825804817777311897399081855387101457739624425019964385877189800,87005572382727825804817777311897399081855387101457739624425019964385877189800,No,True,0.04,11.82,0.99,78.4,0.515,0.95,ad63331faa47756078472d5f878cd51ef08e9fd6,0.01,5,,3.4926,
2026-07-19T00:18:56Z,EPL,435490,epl-2026-team-of-the-season,EPL: 2026 PFA Team of the Year,2026-05-01T16:17:58.439577Z,2127683,will-erling-haaland-be-named-to-the-2026-pfa-premier-league-team-of-the-year,Will Erling Haaland be named to the 2026 PFA Premier League Team of the Year?,0x0a3ee85120cf7d2febbaba00b787db1bd1fdc7f80f8277d89675736a430e2065,"[""36505760582912364024564187063352953937975349358323597571083864672476590879653"", ""36939641234709193046881505450280116016622287455799963152747536559103079527590""]",36505760582912364024564187063352953937975349358323597571083864672476590879653|36939641234709193046881505450280116016622287455799963152747536559103079527590,36505760582912364024564187063352953937975349358323597571083864672476590879653,Yes,True,0.04,11.82,0.96,11.82,0.5,0.9199999999999999,b76f441080f567a77f7d8a4675d1450e4643aee4,0.01,5,,4.2854,
2026-07-19T00:18:56Z,EPL,435490,epl-2026-team-of-the-season,EPL: 2026 PFA Team of the Year,2026-05-01T16:17:58.439577Z,2127683,will-erling-haaland-be-named-to-the-2026-pfa-premier-league-team-of-the-year,Will Erling Haaland be named to the 2026 PFA Premier League Team of the Year?,0x0a3ee85120cf7d2febbaba00b787db1bd1fdc7f80f8277d89675736a430e2065,"[""36505760582912364024564187063352953937975349358323597571083864672476590879653"", ""36939641234709193046881505450280116016622287455799963152747536559103079527590""]",36505760582912364024564187063352953937975349358323597571083864672476590879653|36939641234709193046881505450280116016622287455799963152747536559103079527590,36939641234709193046881505450280116016622287455799963152747536559103079527590,No,True,0.04,11.82,0.96,11.82,0.5,0.9199999999999999,4e020c20a858947d91c70e8c55e3b4b310fbc2ba,0.01,5,,4.2854,
2026-07-19T00:18:56Z,EPL,435490,epl-2026-team-of-the-season,EPL: 2026 PFA Team of the Year,2026-05-01T16:17:58.439577Z,2127684,will-hugo-ekitike-be-named-to-the-2026-pfa-premier-league-team-of-the-year,Will Hugo Ekitike be named to the 2026 PFA Premier League Team of the Year?,0x3ac387fc809af29edadb0c1881ecd88319f8b4ebb5b0a89a77a84e85f4a2099c,"[""21160761171799050394335213154237360537464294007297740615880003417666696561468"", ""57509889980199562878580001207297131252053963359675973392844979135378456666743""]",21160761171799050394335213154237360537464294007297740615880003417666696561468|57509889980199562878580001207297131252053963359675973392844979135378456666743,21160761171799050394335213154237360537464294007297740615880003417666696561468,Yes,True,0.04,11.82,0.94,6.16,0.49,0.8999999999999999,0d8a230d434374b31dd89adc248c6f60c884f3bf,0.01,5,,4.1214,
2026-07-19T00:18:56Z,EPL,435490,epl-2026-team-of-the-season,EPL: 2026 PFA Team of the Year,2026-05-01T16:17:58.439577Z,2127684,will-hugo-ekitike-be-named-to-the-2026-pfa-premier-league-team-of-the-year,Will Hugo Ekitike be named to the 2026 PFA Premier League Team of the Year?,0x3ac387fc809af29edadb0c1881ecd88319f8b4ebb5b0a89a77a84e85f4a2099c,"[""21160761171799050394335213154237360537464294007297740615880003417666696561468"", ""57509889980199562878580001207297131252053963359675973392844979135378456666743""]",21160761171799050394335213154237360537464294007297740615880003417666696561468|57509889980199562878580001207297131252053963359675973392844979135378456666743,57509889980199562878580001207297131252053963359675973392844979135378456666743,No,True,0.06,6.16,0.96,11.82,0.51,0.8999999999999999,7fcfa467eb64748e56cd4b1e1506a2b81e78775d,0.01,5,,4.1214,
2026-07-19T00:18:56Z,EPL,435490,epl-2026-team-of-the-season,EPL: 2026 PFA Team of the Year,2026-05-01T16:17:58.439577Z,2127685,will-igor-thiago-be-named-to-the-2026-pfa-premier-league-team-of-the-year,Will Igor Thiago be named to the 2026 PFA Premier League Team of the Year?,0x2565964258328ceff81b8dd027a9b4bfae11353bbfbb3e27625da025fffc2d97,"[""45116472354972988677943929968423217543948497597214084731838340702588569592863"", ""57509607526871690199395719807389480255858394821926865896302284337840164838738""]",45116472354972988677943929968423217543948497597214084731838340702588569592863|57509607526871690199395719807389480255858394821926865896302284337840164838738,45116472354972988677943929968423217543948497597214084731838340702588569592863,Yes,True,0.04,11.97,0.96,11.82,0.5,0.9199999999999999,85aba721826aaaf33f51e3f00486bc7ff5e9f0dc,0.01,5,,4.2905,
2026-07-19T00:18:56Z,EPL,435490,epl-2026-team-of-the-season,EPL: 2026 PFA Team of the Year,2026-05-01T16:17:58.439577Z,2127685,will-igor-thiago-be-named-to-the-2026-pfa-premier-league-team-of-the-year,Will Igor Thiago be named to the 2026 PFA Premier League Team of the Year?,0x2565964258328ceff81b8dd027a9b4bfae11353bbfbb3e27625da025fffc2d97,"[""45116472354972988677943929968423217543948497597214084731838340702588569592863"", ""57509607526871690199395719807389480255858394821926865896302284337840164838738""]",45116472354972988677943929968423217543948497597214084731838340702588569592863|57509607526871690199395719807389480255858394821926865896302284337840164838738,57509607526871690199395719807389480255858394821926865896302284337840164838738,No,True,0.04,11.82,0.96,11.97,0.5,0.9199999999999999,d54132db4e8a9e6a9aa3f0c6282a24a9e0014925,0.01,5,,4.2905,
2026-07-19T00:18:56Z,EPL,435490,epl-2026-team-of-the-season,EPL: 2026 PFA Team of the Year,2026-05-01T16:17:58.439577Z,2127686,will-joo-pedro-be-named-to-the-2026-pfa-premier-league-team-of-the-year,Will João Pedro be named to the 2026 PFA Premier League Team of the Year?,0x6fce5bfb34549a3a2c919a87ed5948038ae259334b99c7626269b54b5aec2e0e,"[""32710637391248437289327028678783582535502723443825413307615920275857755767269"", ""76494283295406840675256483217001111989666469664619203128145658200939942333539""]",32710637391248437289327028678783582535502723443825413307615920275857755767269|76494283295406840675256483217001111989666469664619203128145658200939942333539,32710637391248437289327028678783582535502723443825413307615920275857755767269,Yes,True,0.04,11.82,0.94,6.16,0.49,0.8999999999999999,f620682c1d9d3259691c040186a0871b83858aff,0.01,5,,4.1167,
2026-07-19T00:18:56Z,EPL,435490,epl-2026-team-of-the-season,EPL: 2026 PFA Team of the Year,2026-05-01T16:17:58.439577Z,2127686,will-joo-pedro-be-named-to-the-2026-pfa-premier-league-team-of-the-year,Will João Pedro be named to the 2026 PFA Premier League Team of the Year?,0x6fce5bfb34549a3a2c919a87ed5948038ae259334b99c7626269b54b5aec2e0e,"[""32710637391248437289327028678783582535502723443825413307615920275857755767269"", ""76494283295406840675256483217001111989666469664619203128145658200939942333539""]",32710637391248437289327028678783582535502723443825413307615920275857755767269|76494283295406840675256483217001111989666469664619203128145658200939942333539,76494283295406840675256483217001111989666469664619203128145658200939942333539,No,True,0.06,6.16,0.96,11.82,0.51,0.8999999999999999,675aece9edbdb326f5a7ae8e90fdc8e6d7c029b1,0.01,5,,4.1167,
2026-07-19T00:18:56Z,EPL,435490,epl-2026-team-of-the-season,EPL: 2026 PFA Team of the Year,2026-05-01T16:17:58.439577Z,2127687,will-morgan-rogers-be-named-to-the-2026-pfa-premier-league-team-of-the-year,Will Morgan Rogers be named to the 2026 PFA Premier League Team of the Year?,0x96b8591e61ab8153068ed93e54c013f0e6b89cea2aa4e133fdfd9dafcded9277,"[""35606525977135678474506342380680226214353069361032301286284296655225714906882"", ""21333608757853284524355908501060578820412665842300321107531640970971045399525""]",35606525977135678474506342380680226214353069361032301286284296655225714906882|21333608757853284524355908501060578820412665842300321107531640970971045399525,35606525977135678474506342380680226214353069361032301286284296655225714906882,Yes,True,0.04,11.82,0.96,11.82,0.5,0.9199999999999999,a0a0f44a5b25e2fecce47c3b0ba1d2d1ec8252c9,0.01,5,,4.1536,
2026-07-19T00:18:56Z,EPL,435490,epl-2026-team-of-the-season,EPL: 2026 PFA Team of the Year,2026-05-01T16:17:58.439577Z,2127687,will-morgan-rogers-be-named-to-the-2026-pfa-premier-league-team-of-the-year,Will Morgan Rogers be named to the 2026 PFA Premier League Team of the Year?,0x96b8591e61ab8153068ed93e54c013f0e6b89cea2aa4e133fdfd9dafcded9277,"[""35606525977135678474506342380680226214353069361032301286284296655225714906882"", ""21333608757853284524355908501060578820412665842300321107531640970971045399525""]",35606525977135678474506342380680226214353069361032301286284296655225714906882|21333608757853284524355908501060578820412665842300321107531640970971045399525,21333608757853284524355908501060578820412665842300321107531640970971045399525,No,True,0.04,11.82,0.96,11.82,0.5,0.9199999999999999,c4834ee4653e51090c65ee7148650f73b5601d30,0.01,5,,4.1536,
2026-07-19T00:18:56Z,EPL,435490,epl-2026-team-of-the-season,EPL: 2026 PFA Team of the Year,2026-05-01T16:17:58.439577Z,2127688,will-antoine-semenyo-be-named-to-the-2026-pfa-premier-league-team-of-the-year,Will Antoine Semenyo be named to the 2026 PFA Premier League Team of the Year?,0x1220c8ad3de1b3e3a079e832ec53f3cd4c3f014685820c7364e6feeec413e4d8,"[""76296603541032491222249921378613877627058194760954506807014743183408941333618"", ""21304560232739094042644316740439641499393814233414419162298081903469670924441""]",76296603541032491222249921378613877627058194760954506807014743183408941333618|21304560232739094042644316740439641499393814233414419162298081903469670924441,76296603541032491222249921378613877627058194760954506807014743183408941333618,Yes,True,0.04,22.65,0.96,21.82,0.5,0.9199999999999999,1a18ce88fb63642e1313960b1f4b97a08e899cd0,0.01,5,,4.2858,2.08165
2026-07-19T00:18:56Z,EPL,435490,epl-2026-team-of-the-season,EPL: 2026 PFA Team of the Year,2026-05-01T16:17:58.439577Z,2127688,will-antoine-semenyo-be-named-to-the-2026-pfa-premier-league-team-of-the-year,Will Antoine Semenyo be named to the 2026 PFA Premier League Team of the Year?,0x1220c8ad3de1b3e3a079e832ec53f3cd4c3f014685820c7364e6feeec413e4d8,"[""76296603541032491222249921378613877627058194760954506807014743183408941333618"", ""21304560232739094042644316740439641499393814233414419162298081903469670924441""]",76296603541032491222249921378613877627058194760954506807014743183408941333618|21304560232739094042644316740439641499393814233414419162298081903469670924441,21304560232739094042644316740439641499393814233414419162298081903469670924441,No,True,0.04,21.82,0.96,22.65,0.5,0.9199999999999999,e32800c8831ebb55772c39e7f29b2ee105690959,0.01,5,,4.2858,2.08165
2026-07-19T00:18:56Z,EPL,435490,epl-2026-team-of-the-season,EPL: 2026 PFA Team of the Year,2026-05-01T16:17:58.439577Z,2127689,will-jeremy-doku-be-named-to-the-2026-pfa-premier-league-team-of-the-year,Will Jeremy Doku be named to the 2026 PFA Premier League Team of the Year?,0xa879be670c7ecf3087a8bf9fc8cf43b4e415502e71e7910dd63ac8f80a56d87b,"[""3879696626646145930128886354978365884788235204398514844964568164322230593973"", ""79551627668553765432569263846776420950508270405186694496807348421004929288226""]",3879696626646145930128886354978365884788235204398514844964568164322230593973|79551627668553765432569263846776420950508270405186694496807348421004929288226,3879696626646145930128886354978365884788235204398514844964568164322230593973,Yes,True,0.04,11.82,0.96,11.82,0.5,0.9199999999999999,7ef1a479ddb656296ba58745002e991e8b807c03,0.01,5,,4.2856,
2026-07-19T00:18:56Z,EPL,435490,epl-2026-team-of-the-season,EPL: 2026 PFA Team of the Year,2026-05-01T16:17:58.439577Z,2127689,will-jeremy-doku-be-named-to-the-2026-pfa-premier-league-team-of-the-year,Will Jeremy Doku be named to the 2026 PFA Premier League Team of the Year?,0xa879be670c7ecf3087a8bf9fc8cf43b4e415502e71e7910dd63ac8f80a56d87b,"[""3879696626646145930128886354978365884788235204398514844964568164322230593973"", ""79551627668553765432569263846776420950508270405186694496807348421004929288226""]",3879696626646145930128886354978365884788235204398514844964568164322230593973|79551627668553765432569263846776420950508270405186694496807348421004929288226,79551627668553765432569263846776420950508270405186694496807348421004929288226,No,True,0.04,11.82,0.96,11.82,0.5,0.9199999999999999,68b1f749c45e4a011d9f2348bf3d181efec1e45a,0.01,5,,4.2856,
2026-07-19T00:18:56Z,EPL,435490,epl-2026-team-of-the-season,EPL: 2026 PFA Team of the Year,2026-05-01T16:17:58.439577Z,2127690,will-bryan-mbeumo-be-named-to-the-2026-pfa-premier-league-team-of-the-year,Will Bryan Mbeumo be named to the 2026 PFA Premier League Team of the Year?,0xbc5c1fe3e7dd57070ca528cd85b158334b7aa9ee0c87b22c861586f82f115f53,"[""91785058119765698978951103847186849259631214663163177270696303972172010570357"", ""57423228513700841810717133678013622282899538997222385821885417665448518434118""]",91785058119765698978951103847186849259631214663163177270696303972172010570357|57423228513700841810717133678013622282899538997222385821885417665448518434118,91785058119765698978951103847186849259631214663163177270696303972172010570357,Yes,True,0.04,11.82,0.94,6.16,0.49,0.8999999999999999,85d8b9ab1541cbe58105b9c400eec227f12e5ed5,0.01,5,,4.1214,
2026-07-19T00:18:56Z,EPL,435490,epl-2026-team-of-the-season,EPL: 2026 PFA Team of the Year,2026-05-01T16:17:58.439577Z,2127690,will-bryan-mbeumo-be-named-to-the-2026-pfa-premier-league-team-of-the-year,Will Bryan Mbeumo be named to the 2026 PFA Premier League Team of the Year?,0xbc5c1fe3e7dd57070ca528cd85b158334b7aa9ee0c87b22c861586f82f115f53,"[""91785058119765698978951103847186849259631214663163177270696303972172010570357"", ""57423228513700841810717133678013622282899538997222385821885417665448518434118""]",91785058119765698978951103847186849259631214663163177270696303972172010570357|57423228513700841810717133678013622282899538997222385821885417665448518434118,57423228513700841810717133678013622282899538997222385821885417665448518434118,No,True,0.06,6.16,0.96,11.82,0.51,0.8999999999999999,c2466efb113934a7a62081b29329aea89601a866,0.01,5,,4.1214,
2026-07-19T00:18:56Z,EPL,435490,epl-2026-team-of-the-season,EPL: 2026 PFA Team of the Year,2026-05-01T16:17:58.439577Z,2127691,will-jarrod-bowen-be-named-to-the-2026-pfa-premier-league-team-of-the-year,Will Jarrod Bowen be named to the 2026 PFA Premier League Team of the Year?,0x7352d3b05ddd64c22487c855e05c0485348e49d0dad74d9bde2c0478db43701e,"[""72676667720459668200165137999841534576126998576490942457742996617745849748718"", ""93972487936526721423770075279455909737407561133246099106446256232697159064557""]",72676667720459668200165137999841534576126998576490942457742996617745849748718|93972487936526721423770075279455909737407561133246099106446256232697159064557,72676667720459668200165137999841534576126998576490942457742996617745849748718,Yes,True,0.04,11.82,0.94,6.16,0.49,0.8999999999999999,a711feb53d5b5a00e6e511caf0dcae78926194e9,0.01,5,,4.1167,
2026-07-19T00:18:56Z,EPL,435490,epl-2026-team-of-the-season,EPL: 2026 PFA Team of the Year,2026-05-01T16:17:58.439577Z,2127691,will-jarrod-bowen-be-named-to-the-2026-pfa-premier-league-team-of-the-year,Will Jarrod Bowen be named to the 2026 PFA Premier League Team of the Year?,0x7352d3b05ddd64c22487c855e05c0485348e49d0dad74d9bde2c0478db43701e,"[""72676667720459668200165137999841534576126998576490942457742996617745849748718"", ""93972487936526721423770075279455909737407561133246099106446256232697159064557""]",72676667720459668200165137999841534576126998576490942457742996617745849748718|93972487936526721423770075279455909737407561133246099106446256232697159064557,93972487936526721423770075279455909737407561133246099106446256232697159064557,No,True,0.06,6.16,0.96,11.82,0.51,0.8999999999999999,5563d2deb5ee628c9cb31f299c3038ab25a5f743,0.01,5,,4.1167,
2026-07-19T00:18:56Z,EPL,435490,epl-2026-team-of-the-season,EPL: 2026 PFA Team of the Year,2026-05-01T16:17:58.439577Z,2127692,will-phil-foden-be-named-to-the-2026-pfa-premier-league-team-of-the-year,Will Phil Foden be named to the 2026 PFA Premier League Team of the Year?,0x0f4085f5c4961b9029c600d4f976d0594a302e9f365552b48f500b655f2ac4fa,"[""8033894410953638407847681522327346336043237396295679948351222439635117761656"", ""89182645560093896409280692775338915223534298743660692930735700909064064285484""]",8033894410953638407847681522327346336043237396295679948351222439635117761656|89182645560093896409280692775338915223534298743660692930735700909064064285484,8033894410953638407847681522327346336043237396295679948351222439635117761656,Yes,True,0.04,11.82,0.94,6.16,0.49,0.8999999999999999,1ac8d63bc5378b793402963c04a1ef2c928d78f8,0.01,5,,4.1214,
2026-07-19T00:18:56Z,EPL,435490,epl-2026-team-of-the-season,EPL: 2026 PFA Team of the Year,2026-05-01T16:17:58.439577Z,2127692,will-phil-foden-be-named-to-the-2026-pfa-premier-league-team-of-the-year,Will Phil Foden be named to the 2026 PFA Premier League Team of the Year?,0x0f4085f5c4961b9029c600d4f976d0594a302e9f365552b48f500b655f2ac4fa,"[""8033894410953638407847681522327346336043237396295679948351222439635117761656"", ""89182645560093896409280692775338915223534298743660692930735700909064064285484""]",8033894410953638407847681522327346336043237396295679948351222439635117761656|89182645560093896409280692775338915223534298743660692930735700909064064285484,89182645560093896409280692775338915223534298743660692930735700909064064285484,No,True,0.06,6.16,0.96,11.82,0.51,0.8999999999999999,be3735e99eca0aa6d49ccf7e8ff5dd12b4d5f611,0.01,5,,4.1214,
2026-07-19T00:18:56Z,EPL,435490,epl-2026-team-of-the-season,EPL: 2026 PFA Team of the Year,2026-05-01T16:17:58.439577Z,2127693,will-bukayo-saka-be-named-to-the-2026-pfa-premier-league-team-of-the-year,Will Bukayo Saka be named to the 2026 PFA Premier League Team of the Year?,0xb31d5274c8acbc2b023593c03fe1cb6367f42a9596ebb5d61b3204457b980730,"[""3899512605908669133631802955015968710467998848723391934123440957914049621850"", ""50079801685037680014087676599806731271595381000363699907442053815397821742247""]",3899512605908669133631802955015968710467998848723391934123440957914049621850|50079801685037680014087676599806731271595381000363699907442053815397821742247,3899512605908669133631802955015968710467998848723391934123440957914049621850,Yes,True,0.04,28.07,0.97,29.02,0.505,0.9299999999999999,e3e5234cc26c0bff0e4e82f7f106b897d33eff61,0.01,5,,4.8712,5.434775
2026-07-19T00:18:56Z,EPL,435490,epl-2026-team-of-the-season,EPL: 2026 PFA Team of the Year,2026-05-01T16:17:58.439577Z,2127693,will-bukayo-saka-be-named-to-the-2026-pfa-premier-league-team-of-the-year,Will Bukayo Saka be named to the 2026 PFA Premier League Team of the Year?,0xb31d5274c8acbc2b023593c03fe1cb6367f42a9596ebb5d61b3204457b980730,"[""3899512605908669133631802955015968710467998848723391934123440957914049621850"", ""50079801685037680014087676599806731271595381000363699907442053815397821742247""]",3899512605908669133631802955015968710467998848723391934123440957914049621850|50079801685037680014087676599806731271595381000363699907442053815397821742247,50079801685037680014087676599806731271595381000363699907442053815397821742247,No,True,0.03,29.02,0.96,28.07,0.495,0.9299999999999999,f5afd2fe313fd43ff6a0b682fa955b2740b1440c,0.01,5,,4.8712,5.434775
